{"next_id": 168, "depth_limit": 3, "visited0": {"<Dwayne_Johnson>": "100", "<Ashley_Judd>": "130", "<Stephen_Merchant>": "131", "<Julie_Andrews>": "132", "<Wallace_Shawn>": "133", "<Miranda_Richardson>": "134", "<Sarah_Michelle_Gellar>": "135", "<Justin_Timberlake>": "136", "<Bai_Ling>": "137", "<Mandy_Moore>": "138", "<Seann_William_Scott>": "139", "<Xzibit>": "140", "<Kevin_Dunn>": "141", "<Leon_Rippy>": "142", "<Carla_Gugino>": "143", "<Alexandra_Daddario>": "144", "<Archie_Panjabi>": "145", "<Paul_Giamatti>": "146", "<Ioan_Gruffudd>": "147", "<Benjamin_Bratt>": "148", "<Jon_Bernthal>": "149", "<Barry_Pepper>": "150", "<Susan_Sarandon>": "151", "<Michael_Kenneth_Williams>": "152", "<Liam_Hemsworth>": "153", "<Emma_Roberts>": "154", "<John_Travolta>": "155", "<Harvey_Keitel>": "156", "<Uma_Thurman>": "157", "<Cedric_the_Entertainer>": "158", "<Christina_Milian>": "159", "<Steven_Tyler>": "160", "<Vince_Vaughn>": "161", "<Andre_Benjamin>": "162", "<Jessica_Biel>": "163", "<John_Cleese>": "164", "<Gary_Oldman>": "165", "<Justin_Long>": "166", "<Billy_Bob_Thornton>": "167"}, "visited1": {"<Tooth_Fairy_(2010_film)>": "101", "<Southland_Tales>": "102", "<Gridiron_Gang>": "103", "<San_Andreas_(film)>": "104", "<Snitch_(film)>": "105", "<Empire_State_(2013_film)>": "106", "<Be_Cool>": "107", "<Planet_51>": "108", "<Faster_(2010_film)>": "109", "<Race_to_Witch_Mountain>": "110", "<The_Fast_and_the_Furious>": "111", "<Journey_2:_The_Mysterious_Island>": "112", "<Beyond_the_Mat>": "113", "<The_Mummy_Returns>": "114", "<The_Scorpion_King>": "115", "<The_Rundown>": "116", "<Central_Intelligence>": "117", "<Hercules_(2014_film)>": "118", "<G.I._Joe:_Retaliation>": "119", "<The_Game_Plan_(film)>": "120", "<Get_Smart_(film)>": "121", "<Walking_Tall_(2004_film)>": "123", "<G.I._Joe_(film_series)>": "124", "<Baywatch_(film)>": "125", "<Jumanji_(2017_sequel)>": "126", "<Bret_Hart:_Survival_of_the_Hitman>": "127", "<Longshot_(film)>": "128", "<Moana_(2016_film)>": "129"}, "open": ["110", "111", "112", "113", "114", "115", "116", "117", "118", "119", "120", "121", "122", "123", "124", "125", "126", "127", "128", "129", "130", "131", "132", "133", "134", "135", "136", "137", "138", "139", "140", "141", "142", "143", "144", "145", "146", "147", "148", "149", "150", "151", "152", "153", "154", "155", "156", "157", "158", "159", "160", "161", "162", "163", "164", "165", "166", "167"]}